20210208,罗湖区,布心,比华利山庄,http://sz.ke.com/ershoufang/105105979697.html,满五唯一，朝南两房，小区中间位置,460万,单价63978元/平米,中楼层(共7层),2室2厅,71.9平米,
20210208,罗湖区,布心,绿景山庄,http://sz.ke.com/ershoufang/105106280924.html,罗湖居家花园社区 南北通透 适合老人小孩,543万,单价70538元/平米,低楼层(共8层),2室2厅,76.98平米,
20210208,罗湖区,布心,绿景山庄,http://sz.ke.com/ershoufang/105106262307.html,绿景山庄 3室2厅 南 北,808万,单价77247元/平米,高楼层(共9层),3室2厅,104.6平米,
20210208,罗湖区,布心,布心花园一区,http://sz.ke.com/ershoufang/105106259201.html,户型方正，使用率高，楼层视野好,630万,单价83733元/平米,中楼层(共8层),2室1厅,75.24平米,
20210208,罗湖区,布心,翠怡苑,http://sz.ke.com/ershoufang/105106362339.html,翠怡苑 1室1厅 南 北新上,220万,单价60841元/平米,高楼层(共7层),1室1厅,36.16平米,
20210208,罗湖区,布心,培峰苑,http://sz.ke.com/ershoufang/105106255624.html,培峰苑 2室1厅 南,327万,单价67773元/平米,中楼层(共12层),2室1厅,48.25平米,
20210208,罗湖区,布心,颖隆大厦,http://sz.ke.com/ershoufang/105105862521.html,明年七月满五年，颖隆大厦小户型低总价,155万,单价47722元/平米,高楼层(共33层),1室0厅,32.48平米,
20210208,罗湖区,布心,双御雅轩,http://sz.ke.com/ershoufang/105105731523.html,房子满五年税费少 装修不错 楼层好,570万,单价91230元/平米,高楼层(共26层),3室2厅,62.48平米,
20210208,罗湖区,布心,碧岭华庭,http://sz.ke.com/ershoufang/105105294442.html,品质刚需两房！环境清静空气好，高层看山！满五唯一！,530万,单价80085元/平米,高楼层(共34层),2室1厅,66.18平米,
20210208,罗湖区,布心,雍翠华府,http://sz.ke.com/ershoufang/105105125047.html,满五唯一 朝东精装修 光线视野好,530万,单价77114元/平米,中楼层(共35层),2室2厅,68.73平米,
20210208,罗湖区,布心,培峰苑,http://sz.ke.com/ershoufang/105104640101.html,次新小区靠山安静，电梯小高层低密度，户型好精装修,415.5万,单价68048元/平米,低楼层(共12层),2室1厅,61.06平米,
20210208,罗湖区,布心,淘金山一期,http://sz.ke.com/ershoufang/105104227262.html,淘金山一期  精装修大三房  满两年,1200万,单价81589元/平米,低楼层(共32层),3室1厅,147.08平米,
20210208,罗湖区,布心,大地花园,http://sz.ke.com/ershoufang/105106386024.html,新装修，水贝地铁近，交通便利，配套成熟新上,300万,单价61716元/平米,高楼层(共26层),2室1厅,48.61平米,
20210208,罗湖区,布心,培峰苑,http://sz.ke.com/ershoufang/105106375855.html,次新小区靠山安静，电梯小高层低密度，户型好精装修.新上,240万,单价67303元/平米,中楼层(共12层),1室1厅,35.66平米,
20210208,罗湖区,布心,碧岭华庭,http://sz.ke.com/ershoufang/105106361450.html,满五年，正南向大三房，厅出外阳台，户型方正实用。新上,875万,单价75510元/平米,中楼层(共34层),3室2厅,115.88平米,
20210208,罗湖区,布心,鸿翠苑,http://sz.ke.com/ershoufang/105106351170.html,鸿翠苑 2室1厅 北必看好房,310万,单价66197元/平米,高楼层(共32层),2室1厅,46.83平米,
20210208,罗湖区,布心,麟腾苑,http://sz.ke.com/ershoufang/105106318255.html,满五 业主诚心出售 温馨舒适两房,405万,单价62404元/平米,中楼层(共8层),2室1厅,64.9平米,
20210208,罗湖区,布心,宝翠苑,http://sz.ke.com/ershoufang/105106312605.html,满五唯一，高楼层采光视野好，次新房，车位充足！必看好房,650万,单价72602元/平米,高楼层(共32层)4室2厅,,89.53平米,
20210208,罗湖区,布心,比华利山庄,http://sz.ke.com/ershoufang/105106311631.html,房子在中间楼层，实用面积大，朝西南向，精装修,485万,单价64290元/平米,中楼层(共7层),2室2厅,75.44平米,
20210208,罗湖区,布心,长富花园,http://sz.ke.com/ershoufang/105106286318.html,地铁口朝南正两房，业主诚心出售，满五税少,610万,单价79407元/平米,中楼层(共7层),2室1厅,76.82平米,
20210208,罗湖区,布心,花半里别馆,http://sz.ke.com/ershoufang/105106285584.html,房子满五 自己住 业主诚心卖 看房很方便,400万,单价77928元/平米,中楼层(共23层),2室2厅,51.33平米,
20210208,罗湖区,布心,阳光明居,http://sz.ke.com/ershoufang/105106282166.html,翠园东晓为邻  满五年唯一红本在手，户型方正,930万,单价95591元/平米,中楼层(共11层),3室2厅,97.29平米,
20210208,罗湖区,布心,松泉阁,http://sz.ke.com/ershoufang/105106221233.html,满五年 南北通双阳台 高楼层采光好,520万,单价78980元/平米,高楼层(共20层),2室1厅,65.84平米,
20210208,罗湖区,布心,泰和花园,http://sz.ke.com/ershoufang/105106215945.html,房子满五唯一，红本在手，税费少，户型方正必看好房,680万,单价93087元/平米,低楼层(共7层),2室1厅,73.05平米,
20210208,罗湖区,布心,碧岭华庭,http://sz.ke.com/ershoufang/105106203670.html,碧岭小三房 满五诚售 高层视野无遮挡 采光好！,515万,单价60918元/平米,高楼层(共34层),3室1厅,84.54平米,
20210208,罗湖区,布心,鸿翠苑,http://sz.ke.com/ershoufang/105106184298.html,鸿翠苑大两房 双阳台，业主包增值税，诚心卖方便看房必看好房,475万,单价63115元/平米,中楼层(共33层),2室1厅,75.26平米,
20210208,罗湖区,布心,东湖豪庭,http://sz.ke.com/ershoufang/105106179995.html,东湖豪庭中层景观房，精装修，满五唯一，看房方便,1090万,单价68134元/平米,中楼层(共27层),4室2厅,159.98平米,
20210208,罗湖区,布心,维富大厦,http://sz.ke.com/ershoufang/105106169964.html,地铁口 2019年的婚房装修  满五年  电梯南向  大四房,565万,单价56247元/平米,中楼层(共31层),4室1厅,100.45平米,
20210208,罗湖区,布心,颖隆大厦,http://sz.ke.com/ershoufang/105106155507.html,颖隆大厦 1室0厅 北,165万,单价50801元/平米,低楼层(共33层),1室0厅,32.48平米,
20210208,罗湖区,布心,颖隆大厦,http://sz.ke.com/ershoufang/105106145129.html,颖隆大厦 2室1厅 北,260万,单价49122元/平米,中楼层(共33层),2室1厅,52.93平米,
20210208,罗湖区,布心,逸心苑,http://sz.ke.com/ershoufang/105106144628.html,逸心苑：正南向三房，电梯小高层，地铁口100米,495万,单价64487元/平米,低楼层(共13层),3室1厅,76.76平米,
20210208,罗湖区,布心,雍翠华府,http://sz.ke.com/ershoufang/105106132194.html,满五税费少，雍翠华府居家三房业主诚心卖,560万,单价74006元/平米,中楼层(共32层),3室1厅,75.67平米,
20210208,罗湖区,布心,鹏城花园,http://sz.ke.com/ershoufang/105106105249.html,满五年唯一，客厅出阳台，精装保养好,525万,单价65056元/平米,高楼层(共7层),3室1厅,80.7平米,
20210208,罗湖区,布心,松泉公寓,http://sz.ke.com/ershoufang/105106099276.html,满五唯一住宅 户型方正实用 低楼层,500万,单价81474元/平米,低楼层(共9层),3室1厅,61.37平米,
20210208,罗湖区,布心,翡翠园,http://sz.ke.com/ershoufang/105106056189.html,翡翠园 2室1厅 东南,285万,单价68891元/平米,低楼层(共8层),2室1厅,41.37平米,
20210208,罗湖区,布心,淘金山一期,http://sz.ke.com/ershoufang/105106053855.html,淘金山一期 3室1厅 南,1070万,单价67551元/平米,低楼层(共32层),3室1厅,158.4平米,
20210208,罗湖区,布心,培峰苑,http://sz.ke.com/ershoufang/105106015823.html,次新小区靠山安静，电梯小高层低密度，户型好精装修.,330万,单价68253元/平米,中楼层(共12层),2室1厅,48.35平米,
20210208,罗湖区,布心,翠怡苑,http://sz.ke.com/ershoufang/105105988353.html,满五唯一翠怡苑优质一房........,165万,单价53004元/平米,低楼层(共8层),1室0厅,31.13平米,
20210208,罗湖区,布心,布心花园三区,http://sz.ke.com/ershoufang/105105959663.html,满五唯一大两房，业主诚心出售，看房方便。,590万,单价74931元/平米,低楼层(共7层),2室1厅,78.74平米,
20210208,罗湖区,布心,布心花园一区,http://sz.ke.com/ershoufang/105105905022.html,布心花园一区 自住3房 业主诚心出售,720万,单价83576元/平米,中楼层(共8层),3室1厅,86.15平米,
20210208,罗湖区,布心,松泉阁,http://sz.ke.com/ershoufang/105105870018.html,视野采光好，居家舒适，业主诚心出售,680万,单价68342元/平米,中楼层(共20层),3室2厅,99.5平米,
20210208,罗湖区,布心,颖隆大厦,http://sz.ke.com/ershoufang/105105862949.html,高楼层 低总价 满五年 诚心出售必看好房,248万,单价47446元/平米,高楼层(共33层),2室1厅,52.27平米,
20210208,罗湖区,布心,松泉公寓,http://sz.ke.com/ershoufang/105105838155.html,满五唯一电梯房，带50平米露台，楼栋位置好户型上乘，必看好房,500万,单价81593元/平米,低楼层(共9层),2室1厅,61.28平米,
20210208,罗湖区,布心,花半里别馆,http://sz.ke.com/ershoufang/105105835693.html,经理推荐  花半里别馆  满两年  精装修  看山,465万,单价65172元/平米,低楼层(共23层),3室1厅,71.35平米,
20210208,罗湖区,布心,碧岭华庭,http://sz.ke.com/ershoufang/105105824268.html,满5年 傍山物业  花园小区  人车分流,510万,单价77063元/平米,中楼层(共34层),2室2厅,66.18平米,
20210208,罗湖区,布心,农牧小区,http://sz.ke.com/ershoufang/105105818778.html,翠园大三房，户型方正，适合居家,765万,单价78591元/平米,中楼层(共5层)3室2厅,,97.34平米,
20210208,罗湖区,布心,淘金山一期,http://sz.ke.com/ershoufang/105105809584.html,业主诚心出售、户型采光佳、单价与总价比较不错,1163万,单价67292元/平米,低楼层(共32层),4室1厅,172.83平米,
20210208,罗湖区,布心,宝丰苑,http://sz.ke.com/ershoufang/105105755965.html,翠园东晓 南北通3房2厅，客厅出阳台，通风采光好,920万,单价77808元/平米,中楼层(共17层),3室2厅,118.24平米,
20210208,罗湖区,布心,雍翠华府,http://sz.ke.com/ershoufang/105105732091.html,满五唯一 高楼层 光线视野好看围岭山必看好房,360万,单价81283元/平米,高楼层(共35层),2室1厅,44.29平米,
20210208,罗湖区,布心,颖隆大厦,http://sz.ke.com/ershoufang/105105694467.html,满五唯一，红本。采菊草埔下，悠然见围岭山。,190万,单价54756元/平米,高楼层(共33层),1室1厅,34.7平米,
20210208,罗湖区,布心,绿景山庄,http://sz.ke.com/ershoufang/105105654326.html,满五唯一花园式小区，靠山物业业主诚心出售,450万,单价58457元/平米,中楼层(共8层),2室2厅,76.98平米,
20210208,罗湖区,布心,松泉公寓,http://sz.ke.com/ershoufang/105105651638.html,业主满五唯一红本在手，诚心出售,540万,单价84323元/平米,中楼层(共9层),2室1厅,64.04平米,
20210208,罗湖区,布心,君逸华府,http://sz.ke.com/ershoufang/105105579164.html,5栋高楼层！精装修视野无遮挡，格局实用，诚心卖！必看好房,710万,单价98666元/平米,高楼层(共32层),2室1厅,71.96平米,
20210208,罗湖区,布心,碧岭华庭,http://sz.ke.com/ershoufang/105105540600.html,满五唯一，无增值税，伴山小区，居家舒适，业主诚心卖,818万,单价82987元/平米,低楼层(共34层),3室2厅,98.57平米,
20210208,罗湖区,布心,布心花园二区,http://sz.ke.com/ershoufang/105105537012.html,布心花园二区 2室1厅 南,690万,单价80326元/平米,高楼层(共7层),2室1厅,85.9平米,
20210208,罗湖区,布心,布心公寓,http://sz.ke.com/ershoufang/105105524753.html,店长推荐，满五年红本在手南向采光好,620万,单价85612元/平米,中楼层(共7层),2室1厅,72.42平米,
20210208,罗湖区,布心,淘金山 ・ 湖景花园二期,http://sz.ke.com/ershoufang/105105515927.html,封闭小区、环境优美、空气清新、高层大面积五房,1700万,单价69388元/平米,高楼层(共32层),5室2厅,245平米,
20210208,罗湖区,布心,宝丰苑,http://sz.ke.com/ershoufang/105105499190.html,带翠园东晓，17年次新楼盘，户型方正，地铁口物业,920万,单价77934元/平米,低楼层(共17层),3室1厅,118.05平米,
20210208,罗湖区,布心,翡翠园,http://sz.ke.com/ershoufang/105105444026.html,满五唯一 东南朝向  近地铁  低楼层,298万,单价70036元/平米,低楼层(共7层),2室1厅,42.55平米,
20210208,罗湖区,布心,君逸华府,http://sz.ke.com/ershoufang/105105424034.html,此房满五唯一，中层，视野广阔，业主诚心放卖,980万,单价100637元/平米,中楼层(共32层),3室1厅,97.38平米,
20210208,罗湖区,布心,深华花园,http://sz.ke.com/ershoufang/105105389292.html,满五年，业主红本在手，居家舒适，靠山小区。,550万,单价62014元/平米,中楼层(共7层),3室2厅,88.69平米,
20210208,罗湖区,布心,鸿翠苑,http://sz.ke.com/ershoufang/105105382679.html,满五，好出租一手业主，户型方正，高品质楼盘,305万,单价65241元/平米,低楼层(共32层),1室1厅,46.75平米,
20210208,罗湖区,布心,君逸华府,http://sz.ke.com/ershoufang/105105381850.html,君逸华府    满五年唯一   税费少   红本在手,680万,单价100562元/平米,中楼层(共32层),2室1厅,67.62平米,
20210208,罗湖区,布心,淘金山 ・ 湖景花园二期,http://sz.ke.com/ershoufang/105105378772.html,淘金山 ・ 湖景花园二期 3室1厅 南 北,1100万,单价75214元/平米,低楼层(共32层),3室1厅,146.25平米,
20210208,罗湖区,布心,太白居,http://sz.ke.com/ershoufang/105105364292.html,此房满五，房子是厅出阳台的大两房 居住舒适度高,510万,单价75995元/平米,高楼层(共7层),2室1厅,67.11平米,
20210208,罗湖区,布心,花半里别馆,http://sz.ke.com/ershoufang/105105357248.html,花半里别馆两房 朝东南大阳台 业主诚心卖必看好房,335万,单价58649元/平米,高楼层(共23层),2室1厅,57.12平米,
20210208,罗湖区,布心,宝翠苑,http://sz.ke.com/ershoufang/105105343282.html,满五唯一 小区环境优越 精装保养好拎包入住！,970万,单价74421元/平米,中楼层(共32层),4室2厅,130.34平米,
20210208,罗湖区,布心,松泉公寓,http://sz.ke.com/ershoufang/105105280804.html,精装两房 满五年无增值税 楼梯中低层 诚心出售,480万,单价81453元/平米,高楼层(共7层),2室1厅,58.93平米,
20210208,罗湖区,布心,花半里别馆,http://sz.ke.com/ershoufang/105105250282.html,花半里2房，满五唯一，税费少，小区配套好。,380万,单价62285元/平米,低楼层(共23层),2室1厅,61.01平米,
20210208,罗湖区,布心,淘金山 ・ 湖景花园二期,http://sz.ke.com/ershoufang/105105249386.html,淘金山 ・ 湖景花园二期 4室1厅 南,1400万,单价93334元/平米,中楼层(共32层),4室1厅,150平米,
20210208,罗湖区,布心,花半里别馆,http://sz.ke.com/ershoufang/105105223682.html,新小区业主诚心卖，看房方便！.必看好房,400万,单价60625元/平米,中楼层(共23层),2室1厅,65.98平米,
20210208,罗湖区,布心,淘金山 ・ 湖景花园二期,http://sz.ke.com/ershoufang/105105218346.html,淘金山湖景花园，大社区绿化好，三面环山，看东湖,1190万,单价79594元/平米,中楼层(共31层),4室1厅,149.51平米,
20210208,罗湖区,布心,松泉公寓,http://sz.ke.com/ershoufang/105105176431.html,总监推荐 松泉公寓  精装修 低楼层 看房方便 朝南,435万,单价84010元/平米,低楼层(共8层),2室1厅,51.78平米,
20210208,罗湖区,布心,长富花园,http://sz.ke.com/ershoufang/105105173228.html,满五税费少，朝东南向，业主诚心卖。,505万,单价93208元/平米,中楼层(共7层),3室1厅,54.18平米,
20210208,罗湖区,布心,松泉公寓,http://sz.ke.com/ershoufang/105105155280.html,水贝商圈，楼梯房，使用高，翠园东晓,500万,单价87643元/平米,高楼层(共7层),3室1厅,57.05平米,
20210208,罗湖区,布心,绿映居,http://sz.ke.com/ershoufang/105105114120.html,经理推荐，此房安静靠山，业主诚心出售。必看好房,450万,单价63686元/平米,中楼层(共10层),2室1厅,70.66平米,
20210208,罗湖区,布心,大地花园,http://sz.ke.com/ershoufang/105105091963.html,满两年，高楼层，视野好，采光足，交通便利,360万,单价53129元/平米,高楼层(共26层),2室1厅,67.76平米,
20210208,罗湖区,布心,彩世界家园,http://sz.ke.com/ershoufang/105105081321.html,满五唯一，红本在手，花园小区，人车分流，税费低,480万,单价71835元/平米,中楼层(共21层),2室1厅,66.82平米,
20210208,罗湖区,布心,颖隆大厦,http://sz.ke.com/ershoufang/105105035420.html,满五税费少，红本在手，业主诚心卖，看房方便,258万,单价47340元/平米,高楼层(共33层),2室1厅,54.5平米,
20210208,罗湖区,布心,雍翠华府,http://sz.ke.com/ershoufang/105104998866.html,罗湖看山两房 花园小区 安于小区中庭 满五年无抵押,410万,单价79659元/平米,低楼层(共35层),2室1厅,51.47平米,
20210208,罗湖区,布心,雍翠华府,http://sz.ke.com/ershoufang/105104962030.html,雍翠华府，带大花园社区，小区环境很美必看好房,449万,单价87236元/平米,中楼层(共35层),2室1厅,51.47平米,
20210208,罗湖区,布心,阳光明居,http://sz.ke.com/ershoufang/105104863709.html,房子是满五年唯一红本在手的，业主自住,780万,单价103189元/平米,中楼层(共12层),2室1厅,75.59平米,
20210208,罗湖区,布心,鸿翠苑,http://sz.ke.com/ershoufang/105104836409.html,诚心换房，旁边有8层购物商场。近公园。,460万,单价63335元/平米,中楼层(共33层),2室1厅,72.63平米,
20210208,罗湖区,布心,颖隆大厦,http://sz.ke.com/ershoufang/105104778796.html,满五年，精装修，适合刚需过度，低总价两房，近地铁,260万,单价49411元/平米,中楼层(共33层),2室1厅,52.62平米,
20210208,罗湖区,布心,彩世界家园,http://sz.ke.com/ershoufang/105104775970.html,彩世界朝东三房，满五唯一，税费少，看房方便！,560万,单价61797元/平米,低楼层(共31层),3室1厅,90.62平米,
20210208,罗湖区,布心,彩世界家园,http://sz.ke.com/ershoufang/105104763719.html,彩世界精装2房，朝南向无遮挡，采光充足,490万,单价67299元/平米,中楼层(共23层),2室1厅,72.81平米,
20210208,罗湖区,布心,维富大厦,http://sz.ke.com/ershoufang/105104716242.html,罗湖水贝珠宝商圈居家大三房，满五年红本在手,480万,单价47785元/平米,高楼层(共31层),3室1厅,100.45平米,
20210208,罗湖区,布心,绿景山庄,http://sz.ke.com/ershoufang/105104694875.html,房子满五年唯一，端头户型明亮，中间楼层，花园社区,560万,单价71484元/平米,中楼层(共8层),3室2厅,78.34平米,
20210208,罗湖区,布心,花半里别馆,http://sz.ke.com/ershoufang/105104693078.html,欧式08年小区，精装两房，业主诚心出售，看房方便,355万,单价62347元/平米,高楼层(共23层),2室1厅,56.94平米,
20210208,罗湖区,布心,培峰苑,http://sz.ke.com/ershoufang/105104686068.html,次新小区傍山物业，电梯小高层低密度，户型罕见精装修,266万,单价70241元/平米,低楼层(共12层),1室1厅,37.87平米,
20210208,罗湖区,布心,颖隆大厦,http://sz.ke.com/ershoufang/105104577130.html,户型方正实用，低总价 购买成本低。,158万,单价43052元/平米,高楼层(共33层),1室0厅,36.7平米,
20210208,罗湖区,布心,绿景山庄,http://sz.ke.com/ershoufang/105104535271.html,满五年税费少，业主诚心出售，户型方正，南北通风,608万,单价59655元/平米,高楼层(共8层),3室2厅,101.92平米,
20210208,罗湖区,布心,绿景山庄,http://sz.ke.com/ershoufang/105104496989.html,满5唯一  采光好 优质大3房  户型方正   居家刚需房,600万,单价57143元/平米,中楼层(共8层),3室2厅,105平米,
20210208,罗湖区,布心,宝翠苑,http://sz.ke.com/ershoufang/105104487169.html,罗湖区 2015年新房朝南 向业主诚心出售！,780万,单价71923元/平米,低楼层(共32层),3室2厅,108.45平米,
20210208,罗湖区,布心,碧岭华庭,http://sz.ke.com/ershoufang/105104469159.html,高层采光好，安静空气清新，诚意出售,530万,单价80085元/平米,高楼层(共34层),2室2厅,66.18平米,
20210208,罗湖区,布心,淘金山 ・ 湖景花园二期,http://sz.ke.com/ershoufang/105104461805.html,罗湖三面环三物业，安静居家 人车分流,1050万,单价69002元/平米,低楼层(共32层),4室1厅,152.17平米,
20210208,罗湖区,布心,翡翠园,http://sz.ke.com/ershoufang/105104456204.html,户型方正，朝南采光视野好，红本在手,480万,单价64586元/平米,高楼层(共7层),3室2厅,74.32平米,
20210208,罗湖区,布心,颖隆大厦,http://sz.ke.com/ershoufang/105104434797.html,端头位置 采光好 看房方便 业主诚心出售,155万,单价45177元/平米,高楼层(共33层),1室1厅,34.31平米,
20210208,罗湖区,布心,碧岭华庭,http://sz.ke.com/ershoufang/105104405149.html,满五唯一 畔山雅宅 清晨鸟语花香 窗外绿意昂昂,560万,单价84618元/平米,中楼层(共34层),2室1厅,66.18平米,
20210208,罗湖区,布心,布心公寓,http://sz.ke.com/ershoufang/105104338263.html,满五小户型，生活配套完善，提前预约。看房方便,500万,单价120337元/平米,高楼层(共7层),1室0厅,41.55平米,
20210208,罗湖区,布心,雍翠华府,http://sz.ke.com/ershoufang/105104302219.html,罗湖区自住精装修三房  西南向无遮挡 满四年,550万,单价72723元/平米,中楼层(共32层),3室1厅,75.63平米,
20210208,罗湖区,布心,颖隆大厦,http://sz.ke.com/ershoufang/105104276792.html,此房满五年 新政不需增值税，房子全明格局 精致小户型,177万,单价51009元/平米,高楼层(共33层),1室1厅,34.7平米,
20210208,罗湖区,布心,翠怡苑,http://sz.ke.com/ershoufang/105104267031.html,即将满五，靠山物业， 总价低易上车 靠山安静必看好房,158万,单价50159元/平米,高楼层(共8层),1室1厅,31.5平米,
20210208,罗湖区,布心,金迪名苑,http://sz.ke.com/ershoufang/105104263946.html,满五唯一红本在手，翠园 中 学 视野开阔可看围岭公园必看好房,410万,单价115918元/平米,高楼层(共17层),1室1厅,35.37平米,
20210208,罗湖区,布心,中华花园,http://sz.ke.com/ershoufang/105104238986.html,南向三房，高楼层视野好，自住精装修，临地铁和公园,530万,单价45226元/平米,高楼层(共29层),3室2厅,117.19平米,
20210208,罗湖区,布心,大地花园,http://sz.ke.com/ershoufang/105104219061.html,满五年，中高楼层，视野好，采光足，交通便利,245万,单价50402元/平米,高楼层(共26层),2室1厅,48.61平米,
20210208,罗湖区,布心,绿景山庄,http://sz.ke.com/ershoufang/105104173425.html,满五唯一，税少，，交通方便，居家好房,439万,单价52494元/平米,高楼层(共8层),2室2厅,83.63平米,
20210208,罗湖区,布心,花半里别馆,http://sz.ke.com/ershoufang/105104159488.html,房子满五年 税费少 装修保养的好，看房方便,400万,单价59489元/平米,高楼层(共23层),2室1厅,67.24平米,
20210208,罗湖区,布心,颖隆大厦,http://sz.ke.com/ershoufang/105104057204.html,经理推荐 满五年  地铁口精装小两房  高楼层视野好,265万,单价50067元/平米,中楼层(共33层),2室1厅,52.93平米,
20210208,罗湖区,布心,培峰苑,http://sz.ke.com/ershoufang/105104019108.html,次新小区靠山安静，电梯小高层低密度，户型好精装修,293万,单价60600元/平米,低楼层(共12层),2室1厅,48.35平米,
20210208,罗湖区,布心,紫荆花园,http://sz.ke.com/ershoufang/105103910210.html,精装修复式.两层，可一层自己住另一层出租，满五年,450万,单价44929元/平米,高楼层(共7层),3室2厅,100.16平米,
20210208,罗湖区,布心,淘金山一期,http://sz.ke.com/ershoufang/105103814900.html,淘金山一期 业主急卖 店经理推荐 红本满五唯一,1520万,单价78884元/平米,低楼层(共32层),5室2厅,192.69平米,
20210208,罗湖区,布心,鸿翠苑,http://sz.ke.com/ershoufang/105103766916.html,罗湖2009年小区 高层视野好 看房方便,285万,单价61133元/平米,高楼层(共32层),1室1厅,46.62平米,
20210208,罗湖区,布心,颖隆大厦,http://sz.ke.com/ershoufang/105103669438.html,满两年  户型好，格局好，业主诚心出售，精装修,145万,单价41715元/平米,中楼层(共33层),1室0厅,34.76平米,
20210208,罗湖区,布心,维富大厦,http://sz.ke.com/ershoufang/105103665583.html,满五年单本证，两个单位大平层，适宜大家庭,730万,单价42054元/平米,高楼层(共31层),3室1厅,173.59平米,
20210208,罗湖区,布心,培峰苑,http://sz.ke.com/ershoufang/105103232871.html,次新盘电梯小高层精装小2房，靠山安静，近华润万象汇,310万,单价64116元/平米,低楼层(共12层),2室1厅,48.35平米,
20210208,罗湖区,布心,花半里别馆,http://sz.ke.com/ershoufang/105102939501.html,房子满五年 税费少  业主诚心卖 装修保养好,460万,单价68382元/平米,低楼层(共23层),3室1厅,67.27平米,
20210208,罗湖区,布心,金洲花园,http://sz.ke.com/ershoufang/105102630092.html,正规3房精装自住，首任业主满五年唯一红本,480万,单价61038元/平米,高楼层(共8层),3室2厅,78.64平米,
20210208,罗湖区,布心,淘金山一期,http://sz.ke.com/ershoufang/105102152040.html,满五年，视野很好，看水库，看房方便,1580万,单价92123元/平米,高楼层(共32层),4室2厅,171.51平米,
20210208,罗湖区,布心,淘金山 ・ 湖景花园二期,http://sz.ke.com/ershoufang/105102092058.html,淘金山       花园小区     满二红本在手    南北朝向,1250万,单价82145元/平米,高楼层(共32层),4室1厅,152.17平米,
20210208,罗湖区,布心,翠怡苑,http://sz.ke.com/ershoufang/105102046718.html,罗湖靠山一房一厅 ，安静宜居 满五唯一,200万,单价60699元/平米,中楼层(共8层),1室1厅,32.95平米,
20210208,罗湖区,布心,绿景山庄,http://sz.ke.com/ershoufang/105101987577.html,南北向居家大三房厅出阳台靠山物业安静宜居草铺站,550万,单价54407元/平米,低楼层(共8层),3室1厅,101.09平米,
20210208,罗湖区,布心,深华花园,http://sz.ke.com/ershoufang/105101683760.html,满五年红本在手，罗湖住宅小区、楼梯房， 居家舒适,650万,单价73289元/平米,高楼层(共7层),3室2厅,88.69平米,
20210208,罗湖区,布心,松泉山庄,http://sz.ke.com/ershoufang/105101513323.html,满五IBC边松泉山庄 水贝地铁 正规三房朝南双阳台红本,530万,单价56210元/平米,高楼层(共7层),3室1厅,94.29平米,
20210208,罗湖区,布心,双御雅轩,http://sz.ke.com/ershoufang/105101488658.html,满五年精装修大4房带入户花园，业主诚心卖交通方便！,888万,单价75453元/平米,高楼层(共26层),4室2厅,117.69平米,
20210208,罗湖区,布心,鸿翠苑,http://sz.ke.com/ershoufang/105101484734.html,满五年免增值税，高层视野好，双大阳台，适宜居家,495万,单价68051元/平米,高楼层(共33层),2室1厅,72.74平米,
20210208,罗湖区,布心,雍翠华府,http://sz.ke.com/ershoufang/105101380215.html,【贝壳网推荐】：中间楼层，业主诚心放卖！,360万,单价83180元/平米,高楼层(共35层),2室1厅,43.28平米,
20210208,罗湖区,布心,松泉公寓,http://sz.ke.com/ershoufang/105101341168.html,松泉公寓 正规三房中间楼层 户型方正 满二,650万,单价90442元/平米,中楼层(共8层),3室1厅,71.87平米,
20210208,罗湖区,布心,宝丰苑,http://sz.ke.com/ershoufang/105101289227.html,16年新小区，城市更新地带，，布心station,650万,单价79745元/平米,中楼层(共17层),2室1厅,81.51平米,
20210208,罗湖区,布心,长富花园,http://sz.ke.com/ershoufang/105101250320.html,满五年红本在手，刚需两房  楼梯中间楼层，翠园可上,520万,单价95977元/平米,中楼层(共7层),2室1厅,54.18平米,
20210208,罗湖区,布心,颖隆大厦,http://sz.ke.com/ershoufang/105100958594.html,满五 易刚需过度 户型方正 精装修 拎包入住,250万,单价50201元/平米,低楼层(共33层),2室1厅,49.8平米,
20210208,罗湖区,布心,中华花园,http://sz.ke.com/ershoufang/105100312695.html,看洪湖彩虹桥景观，东南两房带阳台，户型方正，近地铁,480万,单价50923元/平米,高楼层(共29层),2室2厅,94.26平米,
20210208,罗湖区,布心,颖隆大厦,http://sz.ke.com/ershoufang/105106056774.html,颖隆大厦 2室1厅 南,250万,单价47511元/平米,中楼层(共33层),2室1厅,52.62平米,
20210208,罗湖区,布心,维富大厦,http://sz.ke.com/ershoufang/105106249879.html,水贝地铁口 顶楼复式 精装三房 有阳光房,680万,单价53815元/平米,高楼层(共31层),3室2厅,126.36平米,
20210208,罗湖区,布心,阳光明居,http://sz.ke.com/ershoufang/105106274852.html,安静楼栋 南向 大两居 业主诚心出售,780万,单价101537元/平米,中楼层(共12层),2室1厅,76.82平米,
20210208,罗湖区,布心,太阳新城,http://sz.ke.com/ershoufang/105106319511.html,水贝 优美小区环境，大两房，交通便利，安静居家,566万,单价74094元/平米,低楼层(共18层),2室1厅,76.39平米,
20210208,罗湖区,布心,今日家园,http://sz.ke.com/ershoufang/105106172799.html,今日家园3房 满五年 布心地铁口 看房方便,690万,单价94379元/平米,高楼层(共25层),3室1厅,73.11平米,
20210208,罗湖区,布心,鹏城花园,http://sz.ke.com/ershoufang/105106319091.html,楼梯高实用 老社区待改造 精装3房 满五年红本在手必看好房,560万,单价64748元/平米,中楼层(共7层),3室2厅,86.49平米,
20210208,罗湖区,布心,淘金山 ・ 湖景花园二期,http://sz.ke.com/ershoufang/105105401960.html,环境优美、空气清新、安全性好、管理严格,1960万,单价80000元/平米,中楼层(共32层),5室2厅,245平米,
20210208,罗湖区,布心,大地花园,http://sz.ke.com/ershoufang/105105095818.html,满二唯一，业主2020年精装修，诚心出售，看房方便,308万,单价61539元/平米,高楼层(共26层),2室1厅,50.05平米,
20210208,罗湖区,布心,太阳新城,http://sz.ke.com/ershoufang/105104513561.html,小面积，总价格低，高层采光好，住家合适,285万,单价69075元/平米,高楼层(共24层),1室1厅,41.26平米,
20210208,罗湖区,布心,太阳新城,http://sz.ke.com/ershoufang/105104082726.html,loft复式单身公寓，属住宅性质，总价低,275万,单价62557元/平米,低楼层(共2层),1室1厅,43.96平米,
20210208,罗湖区,布心,鸿基花园,http://sz.ke.com/ershoufang/105103028717.html,鸿基花园带小区环境，满两年，户型方正，诚心卖,530万,单价50947元/平米,低楼层(共22层),3室2厅,104.03平米,
20210208,罗湖区,布心,太阳新城,http://sz.ke.com/ershoufang/105102194189.html,满五唯一红本在手 特殊户型 带观景阳台 精装修 东南向,620万,单价79355元/平米,高楼层(共24层),2室1厅,78.13平米,
20210208,罗湖区,布心,淘金山一期,http://sz.ke.com/ershoufang/105102092272.html,伴山物业，舒适住家，买来即住。,2250万,单价101489元/平米,低楼层(共32层),4室1厅,221.7平米,
20210208,罗湖区,布心,维富大厦,http://sz.ke.com/ershoufang/105106380131.html,满五唯一精装修大两房诚意出售中新上,395万,单价54110元/平米,中楼层(共31层),2室2厅,73平米,
20210208,罗湖区,布心,东晓花园,http://sz.ke.com/ershoufang/105106377117.html,东晓花园 3室2厅 南新上,750万,单价78948元/平米,高楼层(共7层),3室2厅,95平米,
20210208,罗湖区,布心,比华利山庄,http://sz.ke.com/ershoufang/105106376799.html,比华利山庄 5室2厅 南 北新上,950万,单价55748元/平米,高楼层(共7层),5室2厅,170.41平米,
20210208,罗湖区,布心,花半里别馆,http://sz.ke.com/ershoufang/105106375406.html,花半里别馆 满五年 业主诚心出售新上,380万,单价63974元/平米,中楼层(共23层),2室1厅,59.4平米,
20210208,罗湖区,布心,山湖居,http://sz.ke.com/ershoufang/105106326114.html,山湖居 3室2厅 西 东北,530万,单价71855元/平米,高楼层(共10层),3室2厅,73.76平米,
20210208,罗湖区,布心,今日家园,http://sz.ke.com/ershoufang/105106318112.html,业主诚意出售，满五年红本在手。必看好房,768万,单价81365元/平米,高楼层(共25层),4室2厅,94.39平米,
20210208,罗湖区,布心,今日家园,http://sz.ke.com/ershoufang/105106302063.html,经典复式，满五唯一红本，布心地铁口,790万,单价128435元/平米,中楼层(共25层),4室1厅,61.51平米,
20210208,罗湖区,布心,太阳新城,http://sz.ke.com/ershoufang/105106301217.html,太阳新城 3室1厅 西北,655万,单价66715元/平米,中楼层(共18层),3室1厅,98.18平米,
20210208,罗湖区,布心,今日家园,http://sz.ke.com/ershoufang/105106297277.html,今日家园精装2房 满五唯一  朝东南看水库 布心地铁口必看好房,600万,单价97498元/平米,中楼层(共25层),2室1厅,61.54平米,
20210208,罗湖区,布心,翡翠园,http://sz.ke.com/ershoufang/105106235346.html,此房满五唯一，楼层好，朝南向，户型方正2房必看好房,380万,单价68235元/平米,中楼层(共7层),2室1厅,55.69平米,
20210208,罗湖区,布心,雍翠华府,http://sz.ke.com/ershoufang/105106194879.html,业主自住，精装修保养好，满五唯一税费少人车分流宜居必看好房,475万,单价77628元/平米,高楼层(共32层),2室1厅,61.19平米,
20210208,罗湖区,布心,碧岭华庭,http://sz.ke.com/ershoufang/105106186983.html,碧岭华庭 3室1厅 北 东北,1200万,单价97104元/平米,高楼层(共34层),3室1厅,123.58平米,
20210208,罗湖区,布心,山湖居,http://sz.ke.com/ershoufang/105106182118.html,万科物业 少有的朝南向 ！满五正看小区水系必看好房,445万,单价69445元/平米,中楼层(共10层),2室1厅,64.08平米,
20210208,罗湖区,布心,今日家园,http://sz.ke.com/ershoufang/105106172746.html,房子满五年，少量欠款，业主诚心出售。,720万,单价117055元/平米,低楼层(共25层),4室1厅,61.51平米,
20210208,罗湖区,布心,碧岭华庭,http://sz.ke.com/ershoufang/105106171714.html,满五年业主自己赎楼 精装修税费少 带固定车位,880万,单价75941元/平米,中楼层(共34层),3室2厅,115.88平米,
20210208,罗湖区,布心,碧岭华庭,http://sz.ke.com/ershoufang/105106169584.html,满五年红本，诚心卖  靠山物业   厅出阳台  安静居家,720万,单价77420元/平米,低楼层(共34层),3室1厅,93平米,
20210208,罗湖区,布心,今日家园,http://sz.ke.com/ershoufang/105106146975.html,经典复式，精装设计，翠园东晓为邻，布心地铁口物业必看好房,580万,单价87587元/平米,低楼层(共25层),2室1厅,66.22平米,
20210208,罗湖区,布心,今日家园,http://sz.ke.com/ershoufang/105106141431.html,翠园东晓 小三房 满五唯一税费少 诚意出售,598万,单价90306元/平米,中楼层(共25层),3室1厅,66.22平米,
20210208,罗湖区,布心,今日家园,http://sz.ke.com/ershoufang/105106138584.html,经典复式，精装设计，翠园东晓为邻，布心地铁口物业,800万,单价120810元/平米,低楼层(共25层),4室2厅,66.22平米,
20210208,罗湖区,布心,阳光明居,http://sz.ke.com/ershoufang/105106135666.html,翠园  朝南精装2房 满五唯一  税费少必看好房,765万,单价99584元/平米,高楼层(共12层),2室1厅,76.82平米,
20210208,罗湖区,布心,东晓花园,http://sz.ke.com/ershoufang/105106128115.html,87年的老社区  5，7号线  户型通透 精装修 3房2卫,730万,单价80477元/平米,高楼层(共7层),3室2厅,90.71平米,
20210208,罗湖区,布心,金洲花园,http://sz.ke.com/ershoufang/105106115035.html,金洲花园满五唯一 精装2房 顶楼花园 居住安静舒适,430万,单价64459元/平米,高楼层(共8层),2室1厅,66.71平米,
20210208,罗湖区,布心,彩世界家园,http://sz.ke.com/ershoufang/105106034315.html,厅出阳台户型，看小区花园，园林式小区必看好房,450万,单价59777元/平米,高楼层(共23层),2室1厅,75.28平米,
20210208,罗湖区,布心,泰和花园,http://sz.ke.com/ershoufang/105106012848.html,房子满五唯一，红本在手，税费少，户型方正必看好房,760万,单价93828元/平米,高楼层(共8层),3室1厅,81平米,
20210208,罗湖区,布心,太阳新城,http://sz.ke.com/ershoufang/105105993223.html,精装 小复式1房 采光好适合住家  总价低  住宅性质,270万,单价65630元/平米,低楼层(共2层),1室1厅,41.14平米,
20210208,罗湖区,布心,碧岭华庭,http://sz.ke.com/ershoufang/105105975447.html,满五红本，户型方正双阳台，靠山物业， 带翠园,640万,单价68818元/平米,中楼层(共34层),3室1厅,93平米,
20210208,罗湖区,布心,鸿基花园,http://sz.ke.com/ershoufang/105105946311.html,此房标准大三房 户型方正满五唯一红本在手 业主诚心卖,495万,单价53520元/平米,中楼层(共22层),3室1厅,92.49平米,
20210208,罗湖区,布心,淘金山一期,http://sz.ke.com/ershoufang/105105835119.html,生态园林小区、高层大四房，南北通装修好,1680万,单价87214元/平米,高楼层(共32层),4室2厅,192.63平米,
20210208,罗湖区,布心,紫荆花园,http://sz.ke.com/ershoufang/105105831615.html,满五唯一，顶楼复式，楼梯房，公摊小，实用率高,506万,单价38276元/平米,高楼层(共7层),4室1厅,132.2平米,
20210208,罗湖区,布心,山湖居,http://sz.ke.com/ershoufang/105105814330.html,万科物业，高楼层，居家安静，满五唯一,630万,单价69346元/平米,中楼层(共10层),3室1厅,90.85平米,
20210208,罗湖区,布心,今日家园,http://sz.ke.com/ershoufang/105105809669.html,经典复式精装、满五唯一红本、翠园东晓、布心地铁口,700万,单价113803元/平米,中楼层(共25层),3室1厅,61.51平米,
20210208,罗湖区,布心,比华利山庄,http://sz.ke.com/ershoufang/105105805758.html,满五，业主诚心售卖，房间采光户型好，户户明亮必看好房,525万,单价52411元/平米,高楼层(共7层),3室2厅,100.17平米,
20210208,罗湖区,布心,金洲花园,http://sz.ke.com/ershoufang/105105803426.html,满五唯一 红本 税费少交易快！居住安静舒适!,430万,单价64439元/平米,高楼层(共8层),2室2厅,66.73平米,
20210208,罗湖区,布心,松泉山庄,http://sz.ke.com/ershoufang/105105756589.html,松泉山庄满五年 顶楼带平台 少有在卖,825万,单价55744元/平米,高楼层(共6层),2室1厅,148平米,
20210208,罗湖区,布心,山湖居,http://sz.ke.com/ershoufang/105105749192.html,万科物业，中间楼层，看小区花园，安静住家，满五唯一,700万,单价69618元/平米,中楼层(共10层),3室2厅,100.55平米,
20210208,罗湖区,布心,彩世界家园,http://sz.ke.com/ershoufang/105105745280.html,房子满五年，西南向，通透好，采光性强,440万,单价65849元/平米,中楼层(共21层),2室1厅,66.82平米,
20210208,罗湖区,布心,今日家园,http://sz.ke.com/ershoufang/105105703435.html,经典复式，精装设计，翠园东晓为邻，布心地铁口物业,580万,单价94294元/平米,低楼层(共25层),2室1厅,61.51平米,
20210208,罗湖区,布心,彩世界家园,http://sz.ke.com/ershoufang/105105700789.html,彩世界家园 3室1厅 西北,650万,单价61455元/平米,低楼层(共31层),3室1厅,105.77平米,
20210208,罗湖区,布心,雍翠华府,http://sz.ke.com/ershoufang/105105614599.html,水贝珠宝商圈  地铁口 满五年精装两房必看好房,545万,单价80077元/平米,低楼层(共35层),2室1厅,68.06平米,
20210208,罗湖区,布心,太阳新城,http://sz.ke.com/ershoufang/105105611133.html,水贝商圈，顶楼复式，交通便利，安静居家人车分流,698万,单价90744元/平米,高楼层(共18层),3室2厅,76.92平米,
20210208,罗湖区,布心,比华利山庄,http://sz.ke.com/ershoufang/105105576534.html,比华利山庄 5室2厅 南,723万,单价51128元/平米,高楼层(共7层),5室2厅,141.41平米,
20210208,罗湖区,布心,今日家园,http://sz.ke.com/ershoufang/105105557473.html,翠园东晓为邻，朝正南向，视野好，看东湖水库景观必看好房,780万,单价117790元/平米,中楼层(共25层),4室2厅,66.22平米,
20210208,罗湖区,布心,碧岭华庭,http://sz.ke.com/ershoufang/105105534290.html,温馨山景房，精装修，安静居家，带翠园，房美人更美。,545万,单价73609元/平米,高楼层(共34层),2室1厅,74.04平米,
20210208,罗湖区,布心,大地花园,http://sz.ke.com/ershoufang/105105511131.html,新装修，水贝地铁近，交通便利，配套成熟,300万,单价59941元/平米,中楼层(共26层),2室1厅,50.05平米,
20210208,罗湖区,布心,金洲花园,http://sz.ke.com/ershoufang/105105478631.html,朝向好，视野开阔，居住安静舒适！,430万,单价61570元/平米,中楼层(共8层),3室2厅,69.84平米,
20210208,罗湖区,布心,英达花园,http://sz.ke.com/ershoufang/105105475377.html,IBC商城旁 业主诚心卖 看房方便必看好房,439万,单价43487元/平米,高楼层(共29层),3室2厅,100.95平米,
20210208,罗湖区,布心,培峰苑,http://sz.ke.com/ershoufang/105105446233.html,培峰苑精装两房一厅，次新房小区，业主诚心出售.,278万,单价60462元/平米,中楼层(共12层),2室1厅,45.98平米,
20210208,罗湖区,布心,今日家园,http://sz.ke.com/ershoufang/105105428759.html,5号线布心站，经典复式，精装设计，翠园东晓为邻,600万,单价97546元/平米,高楼层(共25层),2室2厅,61.51平米,
20210208,罗湖区,布心,比华利山庄,http://sz.ke.com/ershoufang/105105410486.html,比华利山庄，楼层好，位置好，看房方便,530万,单价58988元/平米,中楼层(共7层),3室2厅,89.85平米,
20210208,罗湖区,布心,碧岭华庭,http://sz.ke.com/ershoufang/105105409784.html,满五唯一，税费少，畔山绿化多，乐享天然氧吧,610万,单价74156元/平米,低楼层(共34层),2室2厅,82.26平米,
20210208,罗湖区,布心,水贝石化工业区,http://sz.ke.com/ershoufang/105105369626.html,水贝工业区 珠宝商铺店面税费少,300万,单价68966元/平米,高楼层(共5层),1室1厅,43.5平米,
20210208,罗湖区,布心,淘金山一期,http://sz.ke.com/ershoufang/105105341090.html,淘金山一期 店长推荐 4+1房 南 北  前后大阳台,1550.9万,单价90856元/平米,中楼层(共32层),5室2厅,170.7平米,
20210208,罗湖区,布心,今日家园,http://sz.ke.com/ershoufang/105105295231.html,翠园东晓 20楼以上 红本在手满五唯一 费用少 采光好,790万,单价85369元/平米,高楼层(共25层),3室1厅,92.54平米,
20210208,罗湖区,布心,今日家园,http://sz.ke.com/ershoufang/105105262342.html,20楼以上 红本在手满五唯一 费用少 经典户型 采光好,780万,单价82636元/平米,高楼层(共25层),3室1厅,94.39平米,
20210208,罗湖区,布心,今日家园,http://sz.ke.com/ershoufang/105105257771.html,此房满五年红本在手，新装修，不受新政影响看房方便,715万,单价116545元/平米,中楼层(共25层),4室1厅,61.35平米,
20210208,罗湖区,布心,彩世界家园,http://sz.ke.com/ershoufang/105105254145.html,满五年，户型方正实用，看房方便,610万,单价58096元/平米,低楼层(共31层),3室2厅,105平米,
20210208,罗湖区,布心,今日家园,http://sz.ke.com/ershoufang/105105223088.html,经典错层设计，高楼层视野好，自住上品,756万,单价122847元/平米,高楼层(共25层),3室1厅,61.54平米,
20210208,罗湖区,布心,碧岭华庭,http://sz.ke.com/ershoufang/105105220424.html,精装南向三房！满五年，看房方便必看好房,755万,单价76596元/平米,高楼层(共34层),3室2厅,98.57平米,
20210208,罗湖区,布心,彩世界家园,http://sz.ke.com/ershoufang/105105166466.html,花园小区 精装3房双卫 满五年唯一红本在手 诚心急售,565万,单价58745元/平米,低楼层(共23层),3室2厅,96.18平米,
20210208,罗湖区,布心,雍翠华府,http://sz.ke.com/ershoufang/105105062969.html,楼层居中，看山景，小区安静，人车分流，适合居家,460万,单价75041元/平米,高楼层(共33层),2室1厅,61.3平米,
20210208,罗湖区,布心,颖隆大厦,http://sz.ke.com/ershoufang/105105042470.html,精装修。刚需上车房，业主诚心卖,155万,单价45164元/平米,高楼层(共33层),1室1厅,34.32平米,
20210208,罗湖区,布心,今日家园,http://sz.ke.com/ershoufang/105104960137.html,满五唯一红本 顶楼复式 带大露台 布心地铁口 价格可议,770万,单价96070元/平米,高楼层(共25层),3室1厅,80.15平米,
20210208,罗湖区,布心,今日家园,http://sz.ke.com/ershoufang/105104912064.html,房子满五年户型方正实用，厅出阳台，复式格局,675万,单价92327元/平米,中楼层(共25层),3室1厅,73.11平米,
20210208,罗湖区,布心,山湖居,http://sz.ke.com/ershoufang/105104901032.html,万科物业3层半复式使用率高 半年后满五年带两个露台！,930万,单价80457元/平米,高楼层(共10层),5室1厅,115.59平米,
20210208,罗湖区,布心,太阳新城,http://sz.ke.com/ershoufang/105104896734.html,罗湖水贝复式住宅精装修安静居家,250万,单价74140元/平米,低楼层(共2层),1室1厅,33.72平米,
20210208,罗湖区,布心,碧岭华庭,http://sz.ke.com/ershoufang/105104863352.html,碧岭华庭，正规三房，税费少，看房方便,700万,单价72690元/平米,高楼层(共34层),3室2厅,96.3平米,
20210208,罗湖区,布心,碧岭华庭,http://sz.ke.com/ershoufang/105104839017.html,罗湖畔山物业  安静居家 朝南两房 看山景 满五年,599万,单价74661元/平米,中楼层(共34层),2室2厅,80.23平米,
20210208,罗湖区,布心,颖隆大厦,http://sz.ke.com/ershoufang/105104787451.html,此房满五年，红本在手，税费少，自如全新装修,258万,单价49078元/平米,高楼层(共33层),2室1厅,52.57平米,
20210208,罗湖区,布心,颖隆大厦,http://sz.ke.com/ershoufang/105104787430.html,此房满五年，红本在手，税费少，装修保养好，适合居家,258万,单价49360元/平米,高楼层(共33层),2室1厅,52.27平米,
20210208,罗湖区,布心,颖隆大厦,http://sz.ke.com/ershoufang/105104787205.html,此房满五年，红本在手，税费少，自住，装修保养好,150万,单价40872元/平米,低楼层(共33层),1室0厅,36.7平米,
20210208,罗湖区,布心,翠景山庄,http://sz.ke.com/ershoufang/105104670955.html,满五年红本在手，刚需大户型业主诚心出售主卧带大阳台,850万,单价63533元/平米,低楼层(共15层),3室1厅,133.79平米,
20210208,罗湖区,布心,今日家园,http://sz.ke.com/ershoufang/105104624530.html,房子满五年不唯一，高楼层视野好，自住上品,730万,单价118680元/平米,高楼层(共25层),4室1厅,61.51平米,
20210208,罗湖区,布心,今日家园,http://sz.ke.com/ershoufang/105104439640.html,满五红本在手，翠园东晓，精装修二房，税费少！,630万,单价92648元/平米,低楼层(共25层),2室1厅,68平米,
20210208,罗湖区,布心,维富大厦,http://sz.ke.com/ershoufang/105104418729.html,满五唯一 税少 复式五房 居家好房 业主自住 保养很好,698万,单价46941元/平米,高楼层(共31层),5室2厅,148.7平米,
20210208,罗湖区,布心,颖隆大厦,http://sz.ke.com/ershoufang/105104367749.html,满五年，低成本，易上车，户型方正实用，临地铁,145万,单价43715元/平米,低楼层(共33层),1室1厅,33.17平米,
20210208,罗湖区,布心,翠景山庄,http://sz.ke.com/ershoufang/105104290433.html,翠景山庄 顶楼复式大五房 精装修 带楼顶花园 独立车位,1250万,单价71778元/平米,高楼层(共15层),5室2厅,174.15平米,
20210208,罗湖区,布心,翠景山庄,http://sz.ke.com/ershoufang/105104288606.html,小区靠山，自带登山道，环境清幽，采光通风好,615万,单价67941元/平米,中楼层(共10层),3室2厅,90.52平米,
20210208,罗湖区,布心,今日家园,http://sz.ke.com/ershoufang/105104254323.html,高层正规3房层高不压抑，业主诚心出售必看好房,730万,单价78885元/平米,高楼层(共25层),3室2厅,92.54平米,
20210208,罗湖区,布心,太阳新城,http://sz.ke.com/ershoufang/105104201132.html,loft复式单身公寓，总价低  精装修,240万,单价65396元/平米,低楼层(共2层),1室0厅,36.7平米,
20210208,罗湖区,布心,宝湖名园,http://sz.ke.com/ershoufang/105104164932.html,满2年  看山景湖景   居家大三房,720万,单价61028元/平米,高楼层(共26层),3室1厅,117.98平米,
20210208,罗湖区,布心,松泉阁,http://sz.ke.com/ershoufang/105104097443.html,户型方正，地铁口，购物方便。业主诚心。,1500万,单价73620元/平米,高楼层(共20层),5室2厅,203.75平米,
20210208,罗湖区,布心,淘金山一期,http://sz.ke.com/ershoufang/105104039016.html,淘金山一期湖景花园 精致大四房 带大阳台,1080万,单价63269元/平米,低楼层(共32层),4室2厅,170.7平米,
20210208,罗湖区,布心,今日家园,http://sz.ke.com/ershoufang/105104009642.html,店长推荐满五唯一 复式三房 高层看山景 保养得不错,760万,单价99140元/平米,中楼层(共25层),4室2厅,76.66平米,
20210208,罗湖区,布心,紫荆花园,http://sz.ke.com/ershoufang/105103962380.html,草铺地铁口物业 总价低一房 税费少,245万,单价53088元/平米,高楼层(共7层),1室1厅,46.15平米,
20210208,罗湖区,布心,太阳新城,http://sz.ke.com/ershoufang/105103555052.html,太阳新城复式两房 住宅性质 低总价,285万,单价57763元/平米,低楼层(共2层),1室1厅,49.34平米,
20210208,罗湖区,布心,东湖豪庭,http://sz.ke.com/ershoufang/105103396885.html,东湖豪庭 4房，公园盘，适合居住,950万,单价59383元/平米,低楼层(共27层),4室2厅,159.98平米,
20210208,罗湖区,布心,太阳新城,http://sz.ke.com/ershoufang/105103245482.html,满2年 水贝地铁口精装复式三房 IBCmall  买一层享两层,368万,单价71498元/平米,低楼层(共2层),3室1厅,51.47平米,
20210208,罗湖区,布心,碧岭华庭,http://sz.ke.com/ershoufang/105103057497.html,隔山看景，居家好房。看房方便业主诚心出售,1080万,单价73857元/平米,低楼层(共34层),4室2厅,146.23平米,
20210208,罗湖区,布心,紫荆花园,http://sz.ke.com/ershoufang/105102861944.html,满五税费少，近地铁站。罗湖好房，旁边有福安超市。,450万,单价41729元/平米,高楼层(共7层),3室1厅,107.84平米,
20210208,罗湖区,布心,山湖居,http://sz.ke.com/ershoufang/105102715394.html,总监推荐！满五唯一，朝南采光视野好！,600万,单价75950元/平米,中楼层(共10层),2室1厅,79平米,
20210208,罗湖区,布心,翠景山庄,http://sz.ke.com/ershoufang/105102163474.html,3号线水贝地铁口 顶楼复式 业主诚心卖 今年3月满五,870万,单价57151元/平米,高楼层(共9层),4室1厅,152.23平米,
20210208,罗湖区,布心,碧岭华庭,http://sz.ke.com/ershoufang/105101740667.html,水贝 碧岭华庭 大三房 满五年红本在手,880万,单价73838元/平米,中楼层(共34层),3室2厅,119.18平米,
20210208,罗湖区,布心,阳光明居,http://sz.ke.com/ershoufang/105101375827.html,阳光明居满五年唯一套，红本在手，座北面南顶楼复式,1160万,单价92689元/平米,高楼层(共12层),3室2厅,125.15平米,
20210208,罗湖区,布心,泰和花园,http://sz.ke.com/ershoufang/105100954282.html,中低楼层上下方便，满五唯一红本在手税费少,690万,单价95173元/平米,中楼层(共8层),2室1厅,72.5平米,
20210208,罗湖区,布心,松泉山庄,http://sz.ke.com/ershoufang/105106108730.html,松泉山庄 4室2厅 南,1060万,单价54857元/平米,高楼层(共6层),4室2厅,193.23平米,
20210208,罗湖区,布心,今日家园,http://sz.ke.com/ershoufang/105105475283.html,经典复式，精装设计，翠园东晓为邻，布心地铁口物业,568万,单价91613元/平米,中楼层(共25层),2室1厅,62平米,
20210208,罗湖区,布心,泰和花园,http://sz.ke.com/ershoufang/105102847517.html,顶楼复式 大大的天台花园，一手业主红本，诚售,1120万,单价80224元/平米,高楼层(共7层),4室2厅,139.61平米,
20210208,罗湖区,布心,维富大厦,http://sz.ke.com/ershoufang/105105396344.html,维富大厦 4室2厅 南,730万,单价36869元/平米,高楼层(共31层),4室2厅,198平米,
20210208,罗湖区,布心,海鹰大厦,http://sz.ke.com/ershoufang/105103907297.html,海鹰大厦两房 交通便利 配套齐全,530万,单价81639元/平米,高楼层(共7层),2室2厅,64.92平米,
20210208,罗湖区,布心,松泉公寓,http://sz.ke.com/ershoufang/105106392102.html,松泉公寓 2室2厅 东南,700万,单价100938元/平米,高楼层(共8层),2室2厅,69.35平米,
20210208,罗湖区,布心,金迪名苑,http://sz.ke.com/ershoufang/105106391265.html,翠园集团 红本在手  满五年 地铁口物业,450万,单价123423元/平米,中楼层(共17层),1室1厅,36.46平米,
20210208,罗湖区,布心,今日家园,http://sz.ke.com/ershoufang/105106379849.html,今日家园 2室2厅 东新上,735万,单价108009元/平米,低楼层(共25层),2室2厅,68.05平米,
20210208,罗湖区,布心,长富花园,http://sz.ke.com/ershoufang/105106363228.html,长富花园 2室1厅 北新上,620万,单价80709元/平米,高楼层(共7层),2室1厅,76.82平米,
20210208,罗湖区,布心,雍翠华府,http://sz.ke.com/ershoufang/105106339960.html,满五年唯一免增，看围岭山公园，人车分流宜居,470万,单价74521元/平米,低楼层(共32层),2室1厅,63.07平米,
20210208,罗湖区,布心,谱心苑,http://sz.ke.com/ershoufang/105106270529.html,顶楼复式带露台，抬头看星空，世界就会变得好大好大,610万,单价52682元/平米,高楼层(共7层),5室1厅,115.79平米,
20210208,罗湖区,布心,淘金山 ・ 湖景花园二期,http://sz.ke.com/ershoufang/105106264562.html,畔山封闭小区、满五年、精装修、高层,1250万,单价82145元/平米,高楼层(共32层),4室2厅,152.17平米,
20210208,罗湖区,布心,颖隆大厦,http://sz.ke.com/ershoufang/105106264032.html,即将满五年，业主诚心出售，采光通风佳,185万,单价56959元/平米,中楼层(共33层),1室0厅,32.48平米,
20210208,罗湖区,布心,今日家园,http://sz.ke.com/ershoufang/105106247123.html,经典复式，精装设计，翠园东晓为邻，布心地铁口物业,780万,单价106850元/平米,中楼层(共25层),3室1厅,73平米,
20210208,罗湖区,布心,山湖居,http://sz.ke.com/ershoufang/105106192780.html,两房朝南，安静住家，空气清新，满五唯一,530万,单价75910元/平米,低楼层(共10层),2室1厅,69.82平米,
20210208,罗湖区,布心,淘金山 ・ 湖景花园二期,http://sz.ke.com/ershoufang/105106143358.html,淘金山 ・ 湖景花园二期 3室1厅 南,1500万,单价65241元/平米,中楼层(共31层),3室1厅,229.92平米,
20210208,罗湖区,布心,松泉山庄,http://sz.ke.com/ershoufang/105106142998.html,松泉山庄 2室1厅 南,400万,单价57103元/平米,中楼层(共7层),2室1厅,70.05平米,
20210208,罗湖区,布心,颖隆大厦,http://sz.ke.com/ershoufang/105106127596.html,南向  温馨小两房  住家的看过来,300万,单价57737元/平米,低楼层(共33层),2室1厅,51.96平米,
20210208,罗湖区,布心,碧岭华庭,http://sz.ke.com/ershoufang/105106086452.html,满五 格局实用 通透 精装保养好 厅出阳台税费少,760万,单价63344元/平米,低楼层(共34层),3室1厅,119.98平米,
20210208,罗湖区,布心,碧岭华庭,http://sz.ke.com/ershoufang/105106059952.html,精装修温馨两房 半山物业 告别城市喧嚣 安静适合住家,662万,单价80477元/平米,低楼层(共34层),3室1厅,82.26平米,
20210208,罗湖区,布心,今日家园,http://sz.ke.com/ershoufang/105106054319.html,今日家园 3室1厅 南,760万,单价121756元/平米,低楼层(共25层),3室1厅,62.42平米,
20210208,罗湖区,布心,山湖居,http://sz.ke.com/ershoufang/105105994867.html,山湖居 3室1厅 南,620万,单价67216元/平米,中楼层(共11层),3室1厅,92.24平米,
20210208,罗湖区,布心,松泉公寓,http://sz.ke.com/ershoufang/105105847964.html,厅出阳台 中间楼层易接受人群大 方正户型 业主诚心卖,490万,单价81355元/平米,中楼层(共9层),2室1厅,60.23平米,
20210208,罗湖区,布心,碧岭华庭,http://sz.ke.com/ershoufang/105105845145.html,此房精装修，简欧装修风格 高楼层 看罗湖全景 视野好,1058万,单价87237元/平米,中楼层(共34层),3室1厅,121.28平米,
20210208,罗湖区,布心,山湖居,http://sz.ke.com/ershoufang/105105750718.html,万科物业，满五唯一，格局方正 ，采光通风好 ，视野好,512万,单价80063元/平米,高楼层(共10层),2室1厅,63.95平米,
20210208,罗湖区,布心,金迪名苑,http://sz.ke.com/ershoufang/105105554746.html,房子满五年，税费少，业主诚心出售,380万,单价146154元/平米,低楼层(共17层),1室0厅,26平米,
20210208,罗湖区,布心,布心花园二区,http://sz.ke.com/ershoufang/105105534631.html,满五年唯一，户型方正，朝向朝南.低楼层，视野好。,575万,单价80375元/平米,中楼层(共7层),2室1厅,71.54平米,
20210208,罗湖区,布心,维富大厦,http://sz.ke.com/ershoufang/105105397783.html,水贝珠宝商圈，近地铁，实用大三房，业主诚意出售,500万,单价49777元/平米,中楼层(共31层),3室1厅,100.45平米,
20210208,罗湖区,布心,金洲花园,http://sz.ke.com/ershoufang/105105389485.html,布心精装两房，楼梯高层，户型方正.必看好房,430万,单价55192元/平米,中楼层(共8层),3室1厅,77.91平米,
20210208,罗湖区,布心,彩世界家园,http://sz.ke.com/ershoufang/105105354786.html,经理推荐花园小区，人车分流，看小区安静，诚心出售！,410万,单价61359元/平米,高楼层(共21层),2室2厅,66.82平米,
20210208,罗湖区,布心,长富花园,http://sz.ke.com/ershoufang/105105274613.html,此房满唯一户型好 方正通透 朝南带阳台,850万,单价62226元/平米,中楼层(共7层),4室2厅,136.6平米,
20210208,罗湖区,布心,今日家园,http://sz.ke.com/ershoufang/105105262336.html,翠园东晓未用 满五唯一 红本在手 户型实用,700万,单价91313元/平米,中楼层(共25层),3室1厅,76.66平米,
20210208,罗湖区,布心,鸿翠苑,http://sz.ke.com/ershoufang/105105238326.html,一手业主，唯一东南向户型，业主诚心放卖！,495万,单价63356元/平米,低楼层(共32层),2室1厅,78.13平米,
20210208,罗湖区,布心,碧岭华庭,http://sz.ke.com/ershoufang/105105118327.html,房屋现状：红本在手，满五唯一，看房要约，看同户型,590万,单价63441元/平米,中楼层(共34层),3室1厅,93平米,
20210208,罗湖区,布心,大地花园,http://sz.ke.com/ershoufang/105105098785.html,大地花园 2室1厅 南,300万,单价56647元/平米,低楼层(共26层),2室1厅,52.96平米,
20210208,罗湖区,布心,长富花园,http://sz.ke.com/ershoufang/105105083286.html,长富花园，正南带阳台 方正户型,780万,单价68500元/平米,中楼层(共7层),3室1厅,113.87平米,
20210208,罗湖区,布心,翠景山庄,http://sz.ke.com/ershoufang/105105062730.html,翠景山庄 4室1厅 南,680万,单价56900元/平米,中楼层(共9层),4室1厅,119.51平米,
20210208,罗湖区,布心,碧岭华庭,http://sz.ke.com/ershoufang/105104996769.html,靠山物业 房号靓 人车分流 安静居家,526万,单价79481元/平米,中楼层(共34层),2室1厅,66.18平米,
20210208,罗湖区,布心,君逸华府,http://sz.ke.com/ershoufang/105104929498.html,君逸华府 3室1厅 东南,960万,单价98593元/平米,高楼层(共32层),3室1厅,97.37平米,
20210208,罗湖区,布心,长富花园,http://sz.ke.com/ershoufang/105104897524.html,诚心放卖，满五年，看上可以随时签合同,513万,单价94250元/平米,中楼层(共7层),2室1厅,54.43平米,
20210208,罗湖区,布心,宝翠苑,http://sz.ke.com/ershoufang/105104791336.html,15年小区，看山景，安静居家，车位充足。,600万,单价70053元/平米,高楼层(共32层),3室1厅,85.65平米,
20210208,罗湖区,布心,太阳新城,http://sz.ke.com/ershoufang/105104732074.html,满五年一套住房  水贝珠宝商圈    少量欠款  配套完善,700万,单价70708元/平米,中楼层(共24层),3室2厅,99平米,
20210208,罗湖区,布心,碧岭华庭,http://sz.ke.com/ershoufang/105104705938.html,业主诚心卖，装修保养好，看房方便，有两个固定车位。,1700万,单价72421元/平米,高楼层(共34层),5室3厅,234.74平米,
20210208,罗湖区,布心,松泉公寓,http://sz.ke.com/ershoufang/105104641862.html,房子满两年，红本在手，位置好交通比较好,518万,单价71995元/平米,高楼层(共8层),3室1厅,71.95平米,
20210208,罗湖区,布心,中华花园,http://sz.ke.com/ershoufang/105104555724.html,中华花园 3室2厅 西南,500万,单价42666元/平米,高楼层(共29层),3室2厅,117.19平米,
20210208,罗湖区,布心,鸿基花园,http://sz.ke.com/ershoufang/105104119232.html,正规2房 满五年唯一 中间楼层视野好  红本在手,385万,单价48495元/平米,中楼层(共22层),2室1厅,79.39平米,
20210208,罗湖区,布心,颖隆大厦,http://sz.ke.com/ershoufang/105103464106.html,满三年，端头位置 采光好 看房方便 业主诚心出售,143万,单价41570元/平米,低楼层(共33层),1室1厅,34.4平米,
20210208,罗湖区,布心,紫荆花园,http://sz.ke.com/ershoufang/105103418575.html,此房是顶楼复式户型 ，南北通。 视野开阔 ， 适合住家,545万,单价37212元/平米,高楼层(共7层),3室2厅,146.46平米,
20210208,罗湖区,布心,碧岭华庭,http://sz.ke.com/ershoufang/105100853292.html,满五红本，户型方正，客厅飘窗、卧室带阳台,620万,单价75629元/平米,低楼层(共34层),2室1厅,81.98平米,
20210208,罗湖区,布心,中华花园,http://sz.ke.com/ershoufang/105106262050.html,满五，业主诚心放卖，花园小区，单价低。,480万,单价50923元/平米,高楼层(共29层),3室2厅,94.26平米,
20210208,罗湖区,布心,紫荆花园,http://sz.ke.com/ershoufang/105105732335.html,地铁口物业 南向 采光通风好 满五年税费少,255万,单价53348元/平米,高楼层(共7层),2室1厅,47.8平米,
